{
	"info": {
		"_postman_id": "014fa714-5c7b-44ca-a052-6900518a07ee",
		"name": "DSList",
		"schema": "https://schema.getpostman.com/json/collection/v2.1.0/collection.json",
		"_exporter_id": "1242165",
		"_collection_link": "https://devsuperior-oficial.postman.co/workspace/Aula~cea0855a-8350-42de-9c9d-0c360fac7d27/collection/1242165-014fa714-5c7b-44ca-a052-6900518a07ee?action=share&creator=1242165&source=collection_link"
	},
	"item": [
		{
			"name": "Games",
			"request": {
				"method": "GET",
				"header": [],
				"url": {
					"raw": "http://localhost:8080/games",
					"protocol": "http",
					"host": [
						"localhost"
					],
					"port": "8080",
					"path": [
						"games"
					]
				}
			},
			"response": []
		},
		{
			"name": "Game by id",
			"request": {
				"method": "GET",
				"header": [],
				"url": {
					"raw": "http://localhost:8080/games/1",
					"protocol": "http",
					"host": [
						"localhost"
					],
					"port": "8080",
					"path": [
						"games",
						"1"
					]
				}
			},
			"response": []
		},
		{
			"name": "Game lists",
			"request": {
				"method": "GET",
				"header": [],
				"url": {
					"raw": "http://localhost:8080/lists",
					"protocol": "http",
					"host": [
						"localhost"
					],
					"port": "8080",
					"path": [
						"lists"
					]
				}
			},
			"response": []
		},
		{
			"name": "Games by lists",
			"protocolProfileBehavior": {
				"disabledSystemHeaders": {}
			},
			"request": {
				"method": "GET",
				"header": [
					{
						"key": "",
						"value": "",
						"type": "text",
						"disabled": true
					}
				],
				"url": {
					"raw": "http://localhost:8080/lists/2/games",
					"protocol": "http",
					"host": [
						"localhost"
					],
					"port": "8080",
					"path": [
						"lists",
						"2",
						"games"
					]
				}
			},
			"response": []
		},
		{
			"name": "List replacement",
			"protocolProfileBehavior": {
				"disabledSystemHeaders": {}
			},
			"request": {
				"method": "POST",
				"header": [
					{
						"key": "",
						"value": "",
						"type": "text",
						"disabled": true
					}
				],
				"body": {
					"mode": "raw",
					"raw": "{\r\n    \"sourceIndex\": 3,\r\n    \"destinationIndex\": 1\r\n}\r\n",
					"options": {
						"raw": {
							"language": "json"
						}
					}
				},
				"url": {
					"raw": "http://localhost:8080/lists/2/replacement",
					"protocol": "http",
					"host": [
						"localhost"
					],
					"port": "8080",
					"path": [
						"lists",
						"2",
						"replacement"
					]
				}
			},
			"response": []
		}
	]
}